loc,loc_type,title_en,title_de,iso_a2,iso_a3,iso_n,un_m49,broader,narrower
legal:AF,dpv:Country,Afghanistan,,AF,AFG,4,4,"legal:Asia,legal:SouthernAsia",
legal:Africa,dpv:Region,Africa,,,,,,,"legal:DZ,legal:NorthernAfrica,legal:EG,legal:EH,legal:LY,legal:MA,legal:SD,legal:TN,legal:AO,legal:SubSaharanAfrica,legal:BF,legal:BI,legal:BJ,legal:BW,legal:CD,legal:CF,legal:CG,legal:CI,legal:CM,legal:CV,legal:DJ,legal:ER,legal:ET,legal:GA,legal:GH,legal:GM,legal:GN,legal:GQ,legal:GW,legal:IO,legal:KE,legal:KM,legal:LR,legal:LS,legal:MG,legal:ML,legal:MR,legal:MU,legal:MW,legal:MZ,legal:NA,legal:NE,legal:NG,legal:RE,legal:RW,legal:SC,legal:SH,legal:SL,legal:SN,legal:SO,legal:SS,legal:ST,legal:SZ,legal:TD,legal:TF,legal:TG,legal:TZ,legal:UG,legal:YT,legal:ZA,legal:ZM,legal:ZW"
legal:US-AL,dpv:Region,Alabama,,,,,,legal:US,
legal:US-AK,dpv:Region,Alaska,,,,,,legal:US,
legal:AL,dpv:Country,Albania,,AL,ALB,8,8,"legal:Europe,legal:SouthernEurope",
legal:DZ,dpv:Country,Algeria,,DZ,DZA,12,12,"legal:Africa,legal:NorthernAfrica",
legal:AS,dpv:Country,American Samoa,,AS,ASM,16,16,"legal:Oceania,legal:Polynesia",
legal:US-AS,dpv:Region,American Samoa,,,,,,legal:US,
legal:Americas,dpv:Region,Americas,,,,,,,"legal:AR,legal:CA,legal:UY,legal:BM,legal:NorthernAmerica,legal:GL,legal:PM,legal:US,legal:AG,legal:LatinAmericaandtheCaribbean,legal:AI,legal:AW,legal:BB,legal:BL,legal:BO,legal:BQ,legal:BR,legal:BS,legal:BV,legal:BZ,legal:CL,legal:CO,legal:CR,legal:CU,legal:CW,legal:DM,legal:DO,legal:EC,legal:FK,legal:GD,legal:GF,legal:GP,legal:GS,legal:GT,legal:GY,legal:HN,legal:HT,legal:JM,legal:KN,legal:KY,legal:LC,legal:MF,legal:MQ,legal:MS,legal:MX,legal:NI,legal:PA,legal:PE,legal:PR,legal:PY,legal:SR,legal:SV,legal:SX,legal:TC,legal:TT,legal:VC,legal:VE,legal:VG,legal:VI"
legal:AD,dpv:Country,Andorra,,AD,AND,20,20,"legal:Europe,legal:SouthernEurope",
legal:AO,dpv:Country,Angola,,AO,AGO,24,24,"legal:Africa,legal:MiddleAfrica,legal:SubSaharanAfrica",
legal:AI,dpv:Country,Anguilla,,AI,AIA,660,660,"legal:Americas,legal:Caribbean,legal:LatinAmericaandtheCaribbean",
legal:AQ,dpv:Country,Antarctica,,AQ,ATA,10,10,,
legal:AG,dpv:Country,Antigua and Barbuda,,AG,ATG,28,28,"legal:Americas,legal:Caribbean,legal:LatinAmericaandtheCaribbean",
legal:AR,dpv:Country,Argentina,,AR,ARG,32,32,"legal:Americas,legal:LatinAmericaandtheCaribbean,legal:SouthAmerica",
legal:US-AZ,dpv:Region,Arizona,,,,,,legal:US,
legal:US-AR,dpv:Region,Arkansas,,,,,,legal:US,
legal:AM,dpv:Country,Armenia,,AM,ARM,51,51,"legal:Asia,legal:WesternAsia",
legal:AW,dpv:Country,Aruba,,AW,ABW,533,533,"legal:Americas,legal:Caribbean,legal:LatinAmericaandtheCaribbean",
legal:Asia,dpv:Region,Asia,,,,,,,"legal:IL,legal:JP,legal:CY,legal:AE,legal:WesternAsia,legal:AF,legal:SouthernAsia,legal:AM,legal:AZ,legal:BD,legal:BH,legal:BN,legal:SoutheasternAsia,legal:BT,legal:CN,legal:EasternAsia,legal:GE,legal:HK,legal:ID,legal:IN,legal:IQ,legal:IR,legal:JO,legal:KG,legal:CentralAsia,legal:KH,legal:KP,legal:KR,legal:KW,legal:KZ,legal:LA,legal:LB,legal:LK,legal:MM,legal:MN,legal:MO,legal:MV,legal:MY,legal:NP,legal:OM,legal:PH,legal:PK,legal:PS,legal:QA,legal:SA,legal:SG,legal:SY,legal:TH,legal:TJ,legal:TL,legal:TM,legal:TR,legal:UZ,legal:VN,legal:YE"
legal:AU,dpv:Country,Australia,,AU,AUS,36,36,"legal:Oceania,legal:AustraliaandNewZealand",
legal:AustraliaandNewZealand,dpv:Region,AustraliaandNewZealand,,,,,,"legal:Oceania,legal:Oceania,legal:Oceania,legal:Oceania,legal:Oceania,legal:Oceania","legal:NZ,legal:AU,legal:CC,legal:CX,legal:HM,legal:NF"
legal:AT,dpv:Country,Austria,,AT,AUT,40,40,"legal:Europe,legal:WesternEurope",
legal:AZ,dpv:Country,Azerbaijan,,AZ,AZE,31,31,"legal:Asia,legal:WesternAsia",
legal:DE-BW,dpv:Region,Baden-Württemberg,Baden-Württemberg,,,,,legal:DE,
legal:BS,dpv:Country,Bahamas,,BS,BHS,44,44,"legal:Americas,legal:Caribbean,legal:LatinAmericaandtheCaribbean",
legal:BH,dpv:Country,Bahrain,,BH,BHR,48,48,"legal:Asia,legal:WesternAsia",
legal:BD,dpv:Country,Bangladesh,,BD,BGD,50,50,"legal:Asia,legal:SouthernAsia",
legal:BB,dpv:Country,Barbados,,BB,BRB,52,52,"legal:Americas,legal:Caribbean,legal:LatinAmericaandtheCaribbean",
legal:DE-BY,dpv:Region,Bavaria,Bayern,,,,,legal:DE,
legal:BY,dpv:Country,Belarus,,BY,BLR,112,112,"legal:Europe,legal:EasternEurope",
legal:BE,dpv:Country,Belgium,,BE,BEL,56,56,"legal:Europe,legal:WesternEurope",
legal:BZ,dpv:Country,Belize,,BZ,BLZ,84,84,"legal:Americas,legal:LatinAmericaandtheCaribbean,legal:CentralAmerica",
legal:BJ,dpv:Country,Benin,,BJ,BEN,204,204,"legal:Africa,legal:SubSaharanAfrica,legal:WesternAfrica",
legal:DE-BE,dpv:Region,Berlin,Berlin,,,,,legal:DE,
legal:BM,dpv:Country,Bermuda,,BM,BMU,60,60,"legal:Americas,legal:NorthernAmerica",
legal:BT,dpv:Country,Bhutan,,BT,BTN,64,64,"legal:Asia,legal:SouthernAsia",
legal:BO,dpv:Country,Bolivia (Plurinational State of),,BO,BOL,68,68,"legal:Americas,legal:LatinAmericaandtheCaribbean,legal:SouthAmerica",
legal:BQ,dpv:Country,"Bonaire, Sint Eustatius and Saba",,BQ,BES,535,535,"legal:Americas,legal:Caribbean,legal:LatinAmericaandtheCaribbean",
legal:BA,dpv:Country,Bosnia and Herzegovina,,BA,BIH,70,70,"legal:Europe,legal:SouthernEurope",
legal:BW,dpv:Country,Botswana,,BW,BWA,72,72,"legal:Africa,legal:SubSaharanAfrica,legal:SouthernAfrica",
legal:BV,dpv:Country,Bouvet Island,,BV,BVT,74,74,"legal:Americas,legal:LatinAmericaandtheCaribbean,legal:SouthAmerica",
legal:DE-BB,dpv:Region,Brandenburg,Brandenburg,,,,,legal:DE,
legal:BR,dpv:Country,Brazil,,BR,BRA,76,76,"legal:Americas,legal:LatinAmericaandtheCaribbean,legal:SouthAmerica",
legal:DE-HB,dpv:Region,Bremen,Bremen,,,,,legal:DE,
legal:IO,dpv:Country,British Indian Ocean Territory,,IO,IOT,86,86,"legal:Africa,legal:SubSaharanAfrica,legal:EasternAfrica",
legal:VG,dpv:Country,British Virgin Islands,,VG,VGB,92,92,"legal:Americas,legal:Caribbean,legal:LatinAmericaandtheCaribbean",
legal:BN,dpv:Country,Brunei Darussalam,,BN,BRN,96,96,"legal:Asia,legal:SoutheasternAsia",
legal:BG,dpv:Country,Bulgaria,,BG,BGR,100,100,"legal:Europe,legal:EasternEurope",
legal:BF,dpv:Country,Burkina Faso,,BF,BFA,854,854,"legal:Africa,legal:SubSaharanAfrica,legal:WesternAfrica",
legal:BI,dpv:Country,Burundi,,BI,BDI,108,108,"legal:Africa,legal:SubSaharanAfrica,legal:EasternAfrica",
legal:CV,dpv:Country,Cabo Verde,,CV,CPV,132,132,"legal:Africa,legal:SubSaharanAfrica,legal:WesternAfrica",
legal:US-CA,dpv:Region,California,,,,,,legal:US,
legal:KH,dpv:Country,Cambodia,,KH,KHM,116,116,"legal:Asia,legal:SoutheasternAsia",
legal:CM,dpv:Country,Cameroon,,CM,CMR,120,120,"legal:Africa,legal:MiddleAfrica,legal:SubSaharanAfrica",
legal:CA,dpv:Country,Canada,,CA,CAN,124,124,"legal:Americas,legal:NorthernAmerica",
legal:Caribbean,dpv:Region,Caribbean,,,,,,"legal:LatinAmericaandtheCaribbean,legal:LatinAmericaandtheCaribbean,legal:LatinAmericaandtheCaribbean,legal:LatinAmericaandtheCaribbean,legal:LatinAmericaandtheCaribbean,legal:LatinAmericaandtheCaribbean,legal:LatinAmericaandtheCaribbean,legal:LatinAmericaandtheCaribbean,legal:LatinAmericaandtheCaribbean,legal:LatinAmericaandtheCaribbean,legal:LatinAmericaandtheCaribbean,legal:LatinAmericaandtheCaribbean,legal:LatinAmericaandtheCaribbean,legal:LatinAmericaandtheCaribbean,legal:LatinAmericaandtheCaribbean,legal:LatinAmericaandtheCaribbean,legal:LatinAmericaandtheCaribbean,legal:LatinAmericaandtheCaribbean,legal:LatinAmericaandtheCaribbean,legal:LatinAmericaandtheCaribbean,legal:LatinAmericaandtheCaribbean,legal:LatinAmericaandtheCaribbean,legal:LatinAmericaandtheCaribbean,legal:LatinAmericaandtheCaribbean,legal:LatinAmericaandtheCaribbean,legal:LatinAmericaandtheCaribbean,legal:LatinAmericaandtheCaribbean,legal:LatinAmericaandtheCaribbean","legal:AG,legal:AI,legal:AW,legal:BB,legal:BL,legal:BQ,legal:BS,legal:CU,legal:CW,legal:DM,legal:DO,legal:GD,legal:GP,legal:HT,legal:JM,legal:KN,legal:KY,legal:LC,legal:MF,legal:MQ,legal:MS,legal:PR,legal:SX,legal:TC,legal:TT,legal:VC,legal:VG,legal:VI"
legal:KY,dpv:Country,Cayman Islands,,KY,CYM,136,136,"legal:Americas,legal:Caribbean,legal:LatinAmericaandtheCaribbean",
legal:CF,dpv:Country,Central African Republic,,CF,CAF,140,140,"legal:Africa,legal:MiddleAfrica,legal:SubSaharanAfrica",
legal:CentralAmerica,dpv:Region,CentralAmerica,,,,,,"legal:LatinAmericaandtheCaribbean,legal:LatinAmericaandtheCaribbean,legal:LatinAmericaandtheCaribbean,legal:LatinAmericaandtheCaribbean,legal:LatinAmericaandtheCaribbean,legal:LatinAmericaandtheCaribbean,legal:LatinAmericaandtheCaribbean,legal:LatinAmericaandtheCaribbean","legal:BZ,legal:CR,legal:GT,legal:HN,legal:MX,legal:NI,legal:PA,legal:SV"
legal:CentralAsia,dpv:Region,CentralAsia,,,,,,"legal:Asia,legal:Asia,legal:Asia,legal:Asia,legal:Asia","legal:KG,legal:KZ,legal:TJ,legal:TM,legal:UZ"
legal:TD,dpv:Country,Chad,,TD,TCD,148,148,"legal:Africa,legal:MiddleAfrica,legal:SubSaharanAfrica",
legal:ChannelIslands,dpv:Region,ChannelIslands,,,,,,"legal:NorthernEurope,legal:NorthernEurope,legal:NorthernEurope","legal:GG,legal:JE,legal:Sark"
legal:CL,dpv:Country,Chile,,CL,CHL,152,152,"legal:Americas,legal:LatinAmericaandtheCaribbean,legal:SouthAmerica",
legal:CN,dpv:Country,China,,CN,CHN,156,156,"legal:Asia,legal:EasternAsia",
legal:HK,dpv:Country,"China, Hong Kong Special Administrative Region",,HK,HKG,344,344,"legal:Asia,legal:EasternAsia",
legal:MO,dpv:Country,"China, Macao Special Administrative Region",,MO,MAC,446,446,"legal:Asia,legal:EasternAsia",
legal:CX,dpv:Country,Christmas Island,,CX,CXR,162,162,"legal:Oceania,legal:AustraliaandNewZealand",
legal:CC,dpv:Country,Cocos (Keeling) Islands,,CC,CCK,166,166,"legal:Oceania,legal:AustraliaandNewZealand",
legal:CO,dpv:Country,Colombia,,CO,COL,170,170,"legal:Americas,legal:LatinAmericaandtheCaribbean,legal:SouthAmerica",
legal:US-CO,dpv:Region,Colorado,,,,,,legal:US,
legal:KM,dpv:Country,Comoros,,KM,COM,174,174,"legal:Africa,legal:SubSaharanAfrica,legal:EasternAfrica",
legal:CG,dpv:Country,Congo,,CG,COG,178,178,"legal:Africa,legal:MiddleAfrica,legal:SubSaharanAfrica",
legal:US-CT,dpv:Region,Connecticut,,,,,,legal:US,
legal:CK,dpv:Country,Cook Islands,,CK,COK,184,184,"legal:Oceania,legal:Polynesia",
legal:CR,dpv:Country,Costa Rica,,CR,CRI,188,188,"legal:Americas,legal:LatinAmericaandtheCaribbean,legal:CentralAmerica",
legal:HR,dpv:Country,Croatia,,HR,HRV,191,191,"legal:Europe,legal:SouthernEurope",
legal:CU,dpv:Country,Cuba,,CU,CUB,192,192,"legal:Americas,legal:Caribbean,legal:LatinAmericaandtheCaribbean",
legal:CW,dpv:Country,Curaçao,,CW,CUW,531,531,"legal:Americas,legal:Caribbean,legal:LatinAmericaandtheCaribbean",
legal:CY,dpv:Country,Cyprus,,CY,CYP,196,196,"legal:Asia,legal:WesternAsia",
legal:CZ,dpv:Country,Czechia,,CZ,CZE,203,203,"legal:Europe,legal:EasternEurope",
legal:CI,dpv:Country,Côte d’Ivoire,,CI,CIV,384,384,"legal:Africa,legal:SubSaharanAfrica,legal:WesternAfrica",
legal:US-DE,dpv:Region,Delaware,,,,,,legal:US,
legal:KP,dpv:Country,Democratic People's Republic of Korea,,KP,PRK,408,408,"legal:Asia,legal:EasternAsia",
legal:CD,dpv:Country,Democratic Republic of the Congo,,CD,COD,180,180,"legal:Africa,legal:MiddleAfrica,legal:SubSaharanAfrica",
legal:DK,dpv:Country,Denmark,,DK,DNK,208,208,"legal:Europe,legal:NorthernEurope",
legal:US-DC,dpv:Region,District of Columbia,,,,,,legal:US,
legal:DJ,dpv:Country,Djibouti,,DJ,DJI,262,262,"legal:Africa,legal:SubSaharanAfrica,legal:EasternAfrica",
legal:DM,dpv:Country,Dominica,,DM,DMA,212,212,"legal:Americas,legal:Caribbean,legal:LatinAmericaandtheCaribbean",
legal:DO,dpv:Country,Dominican Republic,,DO,DOM,214,214,"legal:Americas,legal:Caribbean,legal:LatinAmericaandtheCaribbean",
legal:EasternAfrica,dpv:Region,EasternAfrica,,,,,,"legal:SubSaharanAfrica,legal:SubSaharanAfrica,legal:SubSaharanAfrica,legal:SubSaharanAfrica,legal:SubSaharanAfrica,legal:SubSaharanAfrica,legal:SubSaharanAfrica,legal:SubSaharanAfrica,legal:SubSaharanAfrica,legal:SubSaharanAfrica,legal:SubSaharanAfrica,legal:SubSaharanAfrica,legal:SubSaharanAfrica,legal:SubSaharanAfrica,legal:SubSaharanAfrica,legal:SubSaharanAfrica,legal:SubSaharanAfrica,legal:SubSaharanAfrica,legal:SubSaharanAfrica,legal:SubSaharanAfrica,legal:SubSaharanAfrica,legal:SubSaharanAfrica","legal:BI,legal:DJ,legal:ER,legal:ET,legal:IO,legal:KE,legal:KM,legal:MG,legal:MU,legal:MW,legal:MZ,legal:RE,legal:RW,legal:SC,legal:SO,legal:SS,legal:TF,legal:TZ,legal:UG,legal:YT,legal:ZM,legal:ZW"
legal:EasternAsia,dpv:Region,EasternAsia,,,,,,"legal:Asia,legal:Asia,legal:Asia,legal:Asia,legal:Asia,legal:Asia,legal:Asia","legal:JP,legal:CN,legal:HK,legal:KP,legal:KR,legal:MN,legal:MO"
legal:EasternEurope,dpv:Region,EasternEurope,,,,,,"legal:Europe,legal:Europe,legal:Europe,legal:Europe,legal:Europe,legal:Europe,legal:Europe,legal:Europe,legal:Europe,legal:Europe","legal:BG,legal:HU,legal:PL,legal:RO,legal:SK,legal:BY,legal:CZ,legal:MD,legal:RU,legal:UA"
legal:EC,dpv:Country,Ecuador,,EC,ECU,218,218,"legal:Americas,legal:LatinAmericaandtheCaribbean,legal:SouthAmerica",
legal:EG,dpv:Country,Egypt,,EG,EGY,818,818,"legal:Africa,legal:NorthernAfrica",
legal:SV,dpv:Country,El Salvador,,SV,SLV,222,222,"legal:Americas,legal:LatinAmericaandtheCaribbean,legal:CentralAmerica",
legal:GQ,dpv:Country,Equatorial Guinea,,GQ,GNQ,226,226,"legal:Africa,legal:MiddleAfrica,legal:SubSaharanAfrica",
legal:ER,dpv:Country,Eritrea,,ER,ERI,232,232,"legal:Africa,legal:SubSaharanAfrica,legal:EasternAfrica",
legal:EE,dpv:Country,Estonia,,EE,EST,233,233,"legal:Europe,legal:NorthernEurope",
legal:SZ,dpv:Country,Eswatini,,SZ,SWZ,748,748,"legal:Africa,legal:SubSaharanAfrica,legal:SouthernAfrica",
legal:ET,dpv:Country,Ethiopia,,ET,ETH,231,231,"legal:Africa,legal:SubSaharanAfrica,legal:EasternAfrica",
legal:Europe,dpv:Region,Europe,,,,,,,"legal:DE,legal:AD,legal:CH,legal:FO,legal:GB,legal:GG,legal:IM,legal:JE,legal:NO,legal:AT,legal:BE,legal:BG,legal:DK,legal:EE,legal:ES,legal:FI,legal:FR,legal:GR,legal:HR,legal:HU,legal:IE,legal:IS,legal:IT,legal:LI,legal:LT,legal:LU,legal:LV,legal:MT,legal:NL,legal:PL,legal:PT,legal:RO,legal:SE,legal:SI,legal:SK,legal:AL,legal:SouthernEurope,legal:AX,legal:NorthernEurope,legal:BA,legal:BY,legal:EasternEurope,legal:CZ,legal:GI,legal:MC,legal:WesternEurope,legal:MD,legal:ME,legal:MK,legal:RS,legal:RU,legal:SJ,legal:SM,legal:UA,legal:VA,legal:Sark"
legal:FK,dpv:Country,Falkland Islands (Malvinas),,FK,FLK,238,238,"legal:Americas,legal:LatinAmericaandtheCaribbean,legal:SouthAmerica",
legal:FO,dpv:Country,Faroe Islands,,FO,FRO,234,234,"legal:Europe,legal:NorthernEurope",
legal:FJ,dpv:Country,Fiji,,FJ,FJI,242,242,"legal:Oceania,legal:Melanesia",
legal:FI,dpv:Country,Finland,,FI,FIN,246,246,"legal:Europe,legal:NorthernEurope",
legal:US-FL,dpv:Region,Florida,,,,,,legal:US,
legal:FR,dpv:Country,France,,FR,FRA,250,250,"legal:Europe,legal:WesternEurope",
legal:GF,dpv:Country,French Guiana,,GF,GUF,254,254,"legal:Americas,legal:LatinAmericaandtheCaribbean,legal:SouthAmerica",
legal:PF,dpv:Country,French Polynesia,,PF,PYF,258,258,"legal:Oceania,legal:Polynesia",
legal:TF,dpv:Country,French Southern Territories,,TF,ATF,260,260,"legal:Africa,legal:SubSaharanAfrica,legal:EasternAfrica",
legal:GA,dpv:Country,Gabon,,GA,GAB,266,266,"legal:Africa,legal:MiddleAfrica,legal:SubSaharanAfrica",
legal:GM,dpv:Country,Gambia,,GM,GMB,270,270,"legal:Africa,legal:SubSaharanAfrica,legal:WesternAfrica",
legal:GE,dpv:Country,Georgia,,GE,GEO,268,268,"legal:Asia,legal:WesternAsia",
legal:US-GA,dpv:Region,Georgia,,,,,,legal:US,
legal:DE,dpv:Country,Germany,,DE,DEU,276,276,"legal:Europe,legal:WesternEurope",
legal:GH,dpv:Country,Ghana,,GH,GHA,288,288,"legal:Africa,legal:SubSaharanAfrica,legal:WesternAfrica",
legal:GI,dpv:Country,Gibraltar,,GI,GIB,292,292,"legal:Europe,legal:SouthernEurope",
legal:GR,dpv:Country,Greece,,GR,GRC,300,300,"legal:Europe,legal:SouthernEurope",
legal:GL,dpv:Country,Greenland,,GL,GRL,304,304,"legal:Americas,legal:NorthernAmerica",
legal:GD,dpv:Country,Grenada,,GD,GRD,308,308,"legal:Americas,legal:Caribbean,legal:LatinAmericaandtheCaribbean",
legal:GP,dpv:Country,Guadeloupe,,GP,GLP,312,312,"legal:Americas,legal:Caribbean,legal:LatinAmericaandtheCaribbean",
legal:GU,dpv:Country,Guam,,GU,GUM,316,316,"legal:Oceania,legal:Micronesia",
legal:US-GU,dpv:Region,Guam,,,,,,legal:US,
legal:GT,dpv:Country,Guatemala,,GT,GTM,320,320,"legal:Americas,legal:LatinAmericaandtheCaribbean,legal:CentralAmerica",
legal:GG,dpv:Country,Guernsey,,GG,GGY,831,831,"legal:Europe,legal:NorthernEurope,legal:ChannelIslands",
legal:GN,dpv:Country,Guinea,,GN,GIN,324,324,"legal:Africa,legal:SubSaharanAfrica,legal:WesternAfrica",
legal:GW,dpv:Country,Guinea-Bissau,,GW,GNB,624,624,"legal:Africa,legal:SubSaharanAfrica,legal:WesternAfrica",
legal:GY,dpv:Country,Guyana,,GY,GUY,328,328,"legal:Americas,legal:LatinAmericaandtheCaribbean,legal:SouthAmerica",
legal:HT,dpv:Country,Haiti,,HT,HTI,332,332,"legal:Americas,legal:Caribbean,legal:LatinAmericaandtheCaribbean",
legal:DE-HH,dpv:Region,Hamburg,Hamburg,,,,,legal:DE,
legal:US-HI,dpv:Region,Hawaii,,,,,,legal:US,
legal:HM,dpv:Country,Heard Island and McDonald Islands,,HM,HMD,334,334,"legal:Oceania,legal:AustraliaandNewZealand",
legal:DE-HE,dpv:Region,Hesse,Hessen,,,,,legal:DE,
legal:VA,dpv:Country,Holy See,,VA,VAT,336,336,"legal:Europe,legal:SouthernEurope",
legal:HN,dpv:Country,Honduras,,HN,HND,340,340,"legal:Americas,legal:LatinAmericaandtheCaribbean,legal:CentralAmerica",
legal:HU,dpv:Country,Hungary,,HU,HUN,348,348,"legal:Europe,legal:EasternEurope",
legal:IS,dpv:Country,Iceland,,IS,ISL,352,352,"legal:Europe,legal:NorthernEurope",
legal:US-ID,dpv:Region,Idaho,,,,,,legal:US,
legal:US-IL,dpv:Region,Illinois,,,,,,legal:US,
legal:IN,dpv:Country,India,,IN,IND,356,356,"legal:Asia,legal:SouthernAsia",
legal:US-IN,dpv:Region,Indiana,,,,,,legal:US,
legal:ID,dpv:Country,Indonesia,,ID,IDN,360,360,"legal:Asia,legal:SoutheasternAsia",
legal:US-IA,dpv:Region,Iowa,,,,,,legal:US,
legal:IR,dpv:Country,Iran (Islamic Republic of),,IR,IRN,364,364,"legal:Asia,legal:SouthernAsia",
legal:IQ,dpv:Country,Iraq,,IQ,IRQ,368,368,"legal:Asia,legal:WesternAsia",
legal:IE,dpv:Country,Ireland,,IE,IRL,372,372,"legal:Europe,legal:NorthernEurope",
legal:IM,dpv:Country,Isle of Man,,IM,IMN,833,833,"legal:Europe,legal:NorthernEurope",
legal:IL,dpv:Country,Israel,,IL,ISR,376,376,"legal:Asia,legal:WesternAsia",
legal:IT,dpv:Country,Italy,,IT,ITA,380,380,"legal:Europe,legal:SouthernEurope",
legal:JM,dpv:Country,Jamaica,,JM,JAM,388,388,"legal:Americas,legal:Caribbean,legal:LatinAmericaandtheCaribbean",
legal:JP,dpv:Country,Japan,,JP,JPN,392,392,"legal:Asia,legal:EasternAsia",
legal:JE,dpv:Country,Jersey,,JE,JEY,832,832,"legal:Europe,legal:NorthernEurope,legal:ChannelIslands",
legal:JO,dpv:Country,Jordan,,JO,JOR,400,400,"legal:Asia,legal:WesternAsia",
legal:US-KS,dpv:Region,Kansas,,,,,,legal:US,
legal:KZ,dpv:Country,Kazakhstan,,KZ,KAZ,398,398,"legal:Asia,legal:CentralAsia",
legal:US-KY,dpv:Region,Kentucky,,,,,,legal:US,
legal:KE,dpv:Country,Kenya,,KE,KEN,404,404,"legal:Africa,legal:SubSaharanAfrica,legal:EasternAfrica",
legal:KI,dpv:Country,Kiribati,,KI,KIR,296,296,"legal:Oceania,legal:Micronesia",
legal:KW,dpv:Country,Kuwait,,KW,KWT,414,414,"legal:Asia,legal:WesternAsia",
legal:KG,dpv:Country,Kyrgyzstan,,KG,KGZ,417,417,"legal:Asia,legal:CentralAsia",
legal:LA,dpv:Country,Lao People's Democratic Republic,,LA,LAO,418,418,"legal:Asia,legal:SoutheasternAsia",
legal:LatinAmericaandtheCaribbean,dpv:Region,LatinAmericaandtheCaribbean,,,,,,"legal:Americas,legal:Americas,legal:Americas,legal:Americas,legal:Americas,legal:Americas,legal:Americas,legal:Americas,legal:Americas,legal:Americas,legal:Americas,legal:Americas,legal:Americas,legal:Americas,legal:Americas,legal:Americas,legal:Americas,legal:Americas,legal:Americas,legal:Americas,legal:Americas,legal:Americas,legal:Americas,legal:Americas,legal:Americas,legal:Americas,legal:Americas,legal:Americas,legal:Americas,legal:Americas,legal:Americas,legal:Americas,legal:Americas,legal:Americas,legal:Americas,legal:Americas,legal:Americas,legal:Americas,legal:Americas,legal:Americas,legal:Americas,legal:Americas,legal:Americas,legal:Americas,legal:Americas,legal:Americas,legal:Americas,legal:Americas,legal:Americas,legal:Americas,legal:Americas,legal:Americas,legal:Americas,legal:Americas,legal:Americas","legal:AR,legal:UY,legal:AG,legal:Caribbean,legal:AI,legal:AW,legal:BB,legal:BL,legal:BO,legal:SouthAmerica,legal:BQ,legal:BR,legal:BS,legal:BV,legal:BZ,legal:CentralAmerica,legal:CL,legal:CO,legal:CR,legal:CU,legal:CW,legal:DM,legal:DO,legal:EC,legal:FK,legal:GD,legal:GF,legal:GP,legal:GS,legal:GT,legal:GY,legal:HN,legal:HT,legal:JM,legal:KN,legal:KY,legal:LC,legal:MF,legal:MQ,legal:MS,legal:MX,legal:NI,legal:PA,legal:PE,legal:PR,legal:PY,legal:SR,legal:SV,legal:SX,legal:TC,legal:TT,legal:VC,legal:VE,legal:VG,legal:VI"
legal:LV,dpv:Country,Latvia,,LV,LVA,428,428,"legal:Europe,legal:NorthernEurope",
legal:LB,dpv:Country,Lebanon,,LB,LBN,422,422,"legal:Asia,legal:WesternAsia",
legal:LS,dpv:Country,Lesotho,,LS,LSO,426,426,"legal:Africa,legal:SubSaharanAfrica,legal:SouthernAfrica",
legal:LR,dpv:Country,Liberia,,LR,LBR,430,430,"legal:Africa,legal:SubSaharanAfrica,legal:WesternAfrica",
legal:LY,dpv:Country,Libya,,LY,LBY,434,434,"legal:Africa,legal:NorthernAfrica",
legal:LI,dpv:Country,Liechtenstein,,LI,LIE,438,438,"legal:Europe,legal:WesternEurope",
legal:LT,dpv:Country,Lithuania,,LT,LTU,440,440,"legal:Europe,legal:NorthernEurope",
legal:US-LA,dpv:Region,Louisiana,,,,,,legal:US,
legal:DE-NI,dpv:Region,Lower-Saxony,Niedersachsen,,,,,legal:DE,
legal:LU,dpv:Country,Luxembourg,,LU,LUX,442,442,"legal:Europe,legal:WesternEurope",
legal:MG,dpv:Country,Madagascar,,MG,MDG,450,450,"legal:Africa,legal:SubSaharanAfrica,legal:EasternAfrica",
legal:US-ME,dpv:Region,Maine,,,,,,legal:US,
legal:MW,dpv:Country,Malawi,,MW,MWI,454,454,"legal:Africa,legal:SubSaharanAfrica,legal:EasternAfrica",
legal:MY,dpv:Country,Malaysia,,MY,MYS,458,458,"legal:Asia,legal:SoutheasternAsia",
legal:MV,dpv:Country,Maldives,,MV,MDV,462,462,"legal:Asia,legal:SouthernAsia",
legal:ML,dpv:Country,Mali,,ML,MLI,466,466,"legal:Africa,legal:SubSaharanAfrica,legal:WesternAfrica",
legal:MT,dpv:Country,Malta,,MT,MLT,470,470,"legal:Europe,legal:SouthernEurope",
legal:MH,dpv:Country,Marshall Islands,,MH,MHL,584,584,"legal:Oceania,legal:Micronesia",
legal:MQ,dpv:Country,Martinique,,MQ,MTQ,474,474,"legal:Americas,legal:Caribbean,legal:LatinAmericaandtheCaribbean",
legal:US-MD,dpv:Region,Maryland,,,,,,legal:US,
legal:US-MA,dpv:Region,Massachusetts,,,,,,legal:US,
legal:MR,dpv:Country,Mauritania,,MR,MRT,478,478,"legal:Africa,legal:SubSaharanAfrica,legal:WesternAfrica",
legal:MU,dpv:Country,Mauritius,,MU,MUS,480,480,"legal:Africa,legal:SubSaharanAfrica,legal:EasternAfrica",
legal:YT,dpv:Country,Mayotte,,YT,MYT,175,175,"legal:Africa,legal:SubSaharanAfrica,legal:EasternAfrica",
legal:DE-MV,dpv:Region,Mecklenburg-Western-Pomerania,Mecklenburg-Vorpommern,,,,,legal:DE,
legal:Melanesia,dpv:Region,Melanesia,,,,,,"legal:Oceania,legal:Oceania,legal:Oceania,legal:Oceania,legal:Oceania","legal:FJ,legal:NC,legal:PG,legal:SB,legal:VU"
legal:MX,dpv:Country,Mexico,,MX,MEX,484,484,"legal:Americas,legal:LatinAmericaandtheCaribbean,legal:CentralAmerica",
legal:US-MI,dpv:Region,Michigan,,,,,,legal:US,
legal:Micronesia,dpv:Region,Micronesia,,,,,,"legal:Oceania,legal:Oceania,legal:Oceania,legal:Oceania,legal:Oceania,legal:Oceania,legal:Oceania,legal:Oceania","legal:FM,legal:GU,legal:KI,legal:MH,legal:MP,legal:NR,legal:PW,legal:UM"
legal:FM,dpv:Country,Micronesia (Federated States of),,FM,FSM,583,583,"legal:Oceania,legal:Micronesia",
legal:MiddleAfrica,dpv:Region,MiddleAfrica,,,,,,"legal:SubSaharanAfrica,legal:SubSaharanAfrica,legal:SubSaharanAfrica,legal:SubSaharanAfrica,legal:SubSaharanAfrica,legal:SubSaharanAfrica,legal:SubSaharanAfrica,legal:SubSaharanAfrica,legal:SubSaharanAfrica","legal:AO,legal:CD,legal:CF,legal:CG,legal:CM,legal:GA,legal:GQ,legal:ST,legal:TD"
legal:US-MN,dpv:Region,Minnesota,,,,,,legal:US,
legal:US-MS,dpv:Region,Mississippi,,,,,,legal:US,
legal:US-MO,dpv:Region,Missouri,,,,,,legal:US,
legal:MC,dpv:Country,Monaco,,MC,MCO,492,492,"legal:Europe,legal:WesternEurope",
legal:MN,dpv:Country,Mongolia,,MN,MNG,496,496,"legal:Asia,legal:EasternAsia",
legal:US-MT,dpv:Region,Montana,,,,,,legal:US,
legal:ME,dpv:Country,Montenegro,,ME,MNE,499,499,"legal:Europe,legal:SouthernEurope",
legal:MS,dpv:Country,Montserrat,,MS,MSR,500,500,"legal:Americas,legal:Caribbean,legal:LatinAmericaandtheCaribbean",
legal:MA,dpv:Country,Morocco,,MA,MAR,504,504,"legal:Africa,legal:NorthernAfrica",
legal:MZ,dpv:Country,Mozambique,,MZ,MOZ,508,508,"legal:Africa,legal:SubSaharanAfrica,legal:EasternAfrica",
legal:MM,dpv:Country,Myanmar,,MM,MMR,104,104,"legal:Asia,legal:SoutheasternAsia",
legal:NA,dpv:Country,Namibia,,NA,NAM,516,516,"legal:Africa,legal:SubSaharanAfrica,legal:SouthernAfrica",
legal:NR,dpv:Country,Nauru,,NR,NRU,520,520,"legal:Oceania,legal:Micronesia",
legal:US-NE,dpv:Region,Nebraska,,,,,,legal:US,
legal:NP,dpv:Country,Nepal,,NP,NPL,524,524,"legal:Asia,legal:SouthernAsia",
legal:NL,dpv:Country,Netherlands,,NL,NLD,528,528,"legal:Europe,legal:WesternEurope",
legal:US-NV,dpv:Region,Nevada,,,,,,legal:US,
legal:NC,dpv:Country,New Caledonia,,NC,NCL,540,540,"legal:Oceania,legal:Melanesia",
legal:US-NH,dpv:Region,New Hampshire,,,,,,legal:US,
legal:US-NJ,dpv:Region,New Jersey,,,,,,legal:US,
legal:US-NM,dpv:Region,New Mexico,,,,,,legal:US,
legal:US-NY,dpv:Region,New York,,,,,,legal:US,
legal:NZ,dpv:Country,New Zealand,,NZ,NZL,554,554,"legal:Oceania,legal:AustraliaandNewZealand",
legal:NI,dpv:Country,Nicaragua,,NI,NIC,558,558,"legal:Americas,legal:LatinAmericaandtheCaribbean,legal:CentralAmerica",
legal:NE,dpv:Country,Niger,,NE,NER,562,562,"legal:Africa,legal:SubSaharanAfrica,legal:WesternAfrica",
legal:NG,dpv:Country,Nigeria,,NG,NGA,566,566,"legal:Africa,legal:SubSaharanAfrica,legal:WesternAfrica",
legal:NU,dpv:Country,Niue,,NU,NIU,570,570,"legal:Oceania,legal:Polynesia",
legal:NF,dpv:Country,Norfolk Island,,NF,NFK,574,574,"legal:Oceania,legal:AustraliaandNewZealand",
legal:US-NC,dpv:Region,North Carolina,,,,,,legal:US,
legal:US-ND,dpv:Region,North Dakota,,,,,,legal:US,
legal:MK,dpv:Country,North Macedonia,,MK,MKD,807,807,"legal:Europe,legal:SouthernEurope",
legal:DE-NW,dpv:Region,North-Rhine Westphalia,Nordrhein-Westfalen,,,,,legal:DE,
legal:MP,dpv:Country,Northern Mariana Islands,,MP,MNP,580,580,"legal:Oceania,legal:Micronesia",
legal:US-MP,dpv:Region,Northern Mariana Islands,,,,,,legal:US,
legal:NorthernAfrica,dpv:Region,NorthernAfrica,,,,,,"legal:Africa,legal:Africa,legal:Africa,legal:Africa,legal:Africa,legal:Africa,legal:Africa","legal:DZ,legal:EG,legal:EH,legal:LY,legal:MA,legal:SD,legal:TN"
legal:NorthernAmerica,dpv:Region,NorthernAmerica,,,,,,"legal:Americas,legal:Americas,legal:Americas,legal:Americas,legal:Americas","legal:CA,legal:BM,legal:GL,legal:PM,legal:US"
legal:NorthernEurope,dpv:Region,NorthernEurope,,,,,,"legal:Europe,legal:Europe,legal:Europe,legal:Europe,legal:Europe,legal:Europe,legal:Europe,legal:Europe,legal:Europe,legal:Europe,legal:Europe,legal:Europe,legal:Europe,legal:Europe,legal:Europe,legal:Europe,legal:Europe,legal:Europe","legal:FO,legal:GB,legal:GG,legal:IM,legal:JE,legal:NO,legal:DK,legal:EE,legal:FI,legal:IE,legal:IS,legal:LT,legal:LV,legal:SE,legal:AX,legal:SJ,legal:Sark,legal:ChannelIslands"
legal:NO,dpv:Country,Norway,,NO,NOR,578,578,"legal:Europe,legal:NorthernEurope",
legal:Oceania,dpv:Region,Oceania,,,,,,,"legal:NZ,legal:AS,legal:Polynesia,legal:AU,legal:AustraliaandNewZealand,legal:CC,legal:CK,legal:CX,legal:FJ,legal:Melanesia,legal:FM,legal:Micronesia,legal:GU,legal:HM,legal:KI,legal:MH,legal:MP,legal:NC,legal:NF,legal:NR,legal:NU,legal:PF,legal:PG,legal:PN,legal:PW,legal:SB,legal:TK,legal:TO,legal:TV,legal:UM,legal:VU,legal:WF,legal:WS"
legal:US-OH,dpv:Region,Ohio,,,,,,legal:US,
legal:US-OK,dpv:Region,Oklahoma,,,,,,legal:US,
legal:OM,dpv:Country,Oman,,OM,OMN,512,512,"legal:Asia,legal:WesternAsia",
legal:US-OR,dpv:Region,Oregon,,,,,,legal:US,
legal:PK,dpv:Country,Pakistan,,PK,PAK,586,586,"legal:Asia,legal:SouthernAsia",
legal:PW,dpv:Country,Palau,,PW,PLW,585,585,"legal:Oceania,legal:Micronesia",
legal:PA,dpv:Country,Panama,,PA,PAN,591,591,"legal:Americas,legal:LatinAmericaandtheCaribbean,legal:CentralAmerica",
legal:PG,dpv:Country,Papua New Guinea,,PG,PNG,598,598,"legal:Oceania,legal:Melanesia",
legal:PY,dpv:Country,Paraguay,,PY,PRY,600,600,"legal:Americas,legal:LatinAmericaandtheCaribbean,legal:SouthAmerica",
legal:US-PA,dpv:Region,Pennsylvania,,,,,,legal:US,
legal:PE,dpv:Country,Peru,,PE,PER,604,604,"legal:Americas,legal:LatinAmericaandtheCaribbean,legal:SouthAmerica",
legal:PH,dpv:Country,Philippines,,PH,PHL,608,608,"legal:Asia,legal:SoutheasternAsia",
legal:PN,dpv:Country,Pitcairn,,PN,PCN,612,612,"legal:Oceania,legal:Polynesia",
legal:PL,dpv:Country,Poland,,PL,POL,616,616,"legal:Europe,legal:EasternEurope",
legal:Polynesia,dpv:Region,Polynesia,,,,,,"legal:Oceania,legal:Oceania,legal:Oceania,legal:Oceania,legal:Oceania,legal:Oceania,legal:Oceania,legal:Oceania,legal:Oceania,legal:Oceania","legal:AS,legal:CK,legal:NU,legal:PF,legal:PN,legal:TK,legal:TO,legal:TV,legal:WF,legal:WS"
legal:PT,dpv:Country,Portugal,,PT,PRT,620,620,"legal:Europe,legal:SouthernEurope",
legal:PR,dpv:Country,Puerto Rico,,PR,PRI,630,630,"legal:Americas,legal:Caribbean,legal:LatinAmericaandtheCaribbean",
legal:US-PR,dpv:Region,Puerto Rico,,,,,,legal:US,
legal:QA,dpv:Country,Qatar,,QA,QAT,634,634,"legal:Asia,legal:WesternAsia",
legal:KR,dpv:Country,Republic of Korea,,KR,KOR,410,410,"legal:Asia,legal:EasternAsia",
legal:MD,dpv:Country,Republic of Moldova,,MD,MDA,498,498,"legal:Europe,legal:EasternEurope",
legal:DE-RP,dpv:Region,Rhineland-Palatinate,Rheinland-Pfalz,,,,,legal:DE,
legal:US-RI,dpv:Region,Rhode Island,,,,,,legal:US,
legal:RO,dpv:Country,Romania,,RO,ROU,642,642,"legal:Europe,legal:EasternEurope",
legal:RU,dpv:Country,Russian Federation,,RU,RUS,643,643,"legal:Europe,legal:EasternEurope",
legal:RW,dpv:Country,Rwanda,,RW,RWA,646,646,"legal:Africa,legal:SubSaharanAfrica,legal:EasternAfrica",
legal:RE,dpv:Country,Réunion,,RE,REU,638,638,"legal:Africa,legal:SubSaharanAfrica,legal:EasternAfrica",
legal:DE-SL,dpv:Region,Saarland,Saarland,,,,,legal:DE,
legal:BL,dpv:Country,Saint Barthélemy,,BL,BLM,652,652,"legal:Americas,legal:Caribbean,legal:LatinAmericaandtheCaribbean",
legal:SH,dpv:Country,Saint Helena,,SH,SHN,654,654,"legal:Africa,legal:SubSaharanAfrica,legal:WesternAfrica",
legal:KN,dpv:Country,Saint Kitts and Nevis,,KN,KNA,659,659,"legal:Americas,legal:Caribbean,legal:LatinAmericaandtheCaribbean",
legal:LC,dpv:Country,Saint Lucia,,LC,LCA,662,662,"legal:Americas,legal:Caribbean,legal:LatinAmericaandtheCaribbean",
legal:MF,dpv:Country,Saint Martin (French Part),,MF,MAF,663,663,"legal:Americas,legal:Caribbean,legal:LatinAmericaandtheCaribbean",
legal:PM,dpv:Country,Saint Pierre and Miquelon,,PM,SPM,666,666,"legal:Americas,legal:NorthernAmerica",
legal:VC,dpv:Country,Saint Vincent and the Grenadines,,VC,VCT,670,670,"legal:Americas,legal:Caribbean,legal:LatinAmericaandtheCaribbean",
legal:WS,dpv:Country,Samoa,,WS,WSM,882,882,"legal:Oceania,legal:Polynesia",
legal:SM,dpv:Country,San Marino,,SM,SMR,674,674,"legal:Europe,legal:SouthernEurope",
legal:ST,dpv:Country,Sao Tome and Principe,,ST,STP,678,678,"legal:Africa,legal:MiddleAfrica,legal:SubSaharanAfrica",
legal:Sark,dpv:Region,Sark,,,,,,"legal:Europe,legal:NorthernEurope,legal:ChannelIslands",
legal:SA,dpv:Country,Saudi Arabia,,SA,SAU,682,682,"legal:Asia,legal:WesternAsia",
legal:DE-SN,dpv:Region,Saxony,Sachsen,,,,,legal:DE,
legal:DE-ST,dpv:Region,Saxony-Anhalt,Sachsen-Anhalt,,,,,legal:DE,
legal:DE-SH,dpv:Region,Schleswig-Holstein,Schleswig-Holstein,,,,,legal:DE,
legal:SN,dpv:Country,Senegal,,SN,SEN,686,686,"legal:Africa,legal:SubSaharanAfrica,legal:WesternAfrica",
legal:RS,dpv:Country,Serbia,,RS,SRB,688,688,"legal:Europe,legal:SouthernEurope",
legal:SC,dpv:Country,Seychelles,,SC,SYC,690,690,"legal:Africa,legal:SubSaharanAfrica,legal:EasternAfrica",
legal:SL,dpv:Country,Sierra Leone,,SL,SLE,694,694,"legal:Africa,legal:SubSaharanAfrica,legal:WesternAfrica",
legal:SG,dpv:Country,Singapore,,SG,SGP,702,702,"legal:Asia,legal:SoutheasternAsia",
legal:SX,dpv:Country,Sint Maarten (Dutch part),,SX,SXM,534,534,"legal:Americas,legal:Caribbean,legal:LatinAmericaandtheCaribbean",
legal:SK,dpv:Country,Slovakia,,SK,SVK,703,703,"legal:Europe,legal:EasternEurope",
legal:SI,dpv:Country,Slovenia,,SI,SVN,705,705,"legal:Europe,legal:SouthernEurope",
legal:SB,dpv:Country,Solomon Islands,,SB,SLB,90,90,"legal:Oceania,legal:Melanesia",
legal:SO,dpv:Country,Somalia,,SO,SOM,706,706,"legal:Africa,legal:SubSaharanAfrica,legal:EasternAfrica",
legal:ZA,dpv:Country,South Africa,,ZA,ZAF,710,710,"legal:Africa,legal:SubSaharanAfrica,legal:SouthernAfrica",
legal:US-SC,dpv:Region,South Carolina,,,,,,legal:US,
legal:US-SD,dpv:Region,South Dakota,,,,,,legal:US,
legal:GS,dpv:Country,South Georgia and the South Sandwich Islands,,GS,SGS,239,239,"legal:Americas,legal:LatinAmericaandtheCaribbean,legal:SouthAmerica",
legal:SS,dpv:Country,South Sudan,,SS,SSD,728,728,"legal:Africa,legal:SubSaharanAfrica,legal:EasternAfrica",
legal:SouthAmerica,dpv:Region,SouthAmerica,,,,,,"legal:LatinAmericaandtheCaribbean,legal:LatinAmericaandtheCaribbean,legal:LatinAmericaandtheCaribbean,legal:LatinAmericaandtheCaribbean,legal:LatinAmericaandtheCaribbean,legal:LatinAmericaandtheCaribbean,legal:LatinAmericaandtheCaribbean,legal:LatinAmericaandtheCaribbean,legal:LatinAmericaandtheCaribbean,legal:LatinAmericaandtheCaribbean,legal:LatinAmericaandtheCaribbean,legal:LatinAmericaandtheCaribbean,legal:LatinAmericaandtheCaribbean,legal:LatinAmericaandtheCaribbean,legal:LatinAmericaandtheCaribbean,legal:LatinAmericaandtheCaribbean","legal:AR,legal:UY,legal:BO,legal:BR,legal:BV,legal:CL,legal:CO,legal:EC,legal:FK,legal:GF,legal:GS,legal:GY,legal:PE,legal:PY,legal:SR,legal:VE"
legal:SoutheasternAsia,dpv:Region,SoutheasternAsia,,,,,,"legal:Asia,legal:Asia,legal:Asia,legal:Asia,legal:Asia,legal:Asia,legal:Asia,legal:Asia,legal:Asia,legal:Asia,legal:Asia","legal:BN,legal:ID,legal:KH,legal:LA,legal:MM,legal:MY,legal:PH,legal:SG,legal:TH,legal:TL,legal:VN"
legal:SouthernAfrica,dpv:Region,SouthernAfrica,,,,,,"legal:SubSaharanAfrica,legal:SubSaharanAfrica,legal:SubSaharanAfrica,legal:SubSaharanAfrica,legal:SubSaharanAfrica","legal:BW,legal:LS,legal:NA,legal:SZ,legal:ZA"
legal:SouthernAsia,dpv:Region,SouthernAsia,,,,,,"legal:Asia,legal:Asia,legal:Asia,legal:Asia,legal:Asia,legal:Asia,legal:Asia,legal:Asia,legal:Asia","legal:AF,legal:BD,legal:BT,legal:IN,legal:IR,legal:LK,legal:MV,legal:NP,legal:PK"
legal:SouthernEurope,dpv:Region,SouthernEurope,,,,,,"legal:Europe,legal:Europe,legal:Europe,legal:Europe,legal:Europe,legal:Europe,legal:Europe,legal:Europe,legal:Europe,legal:Europe,legal:Europe,legal:Europe,legal:Europe,legal:Europe,legal:Europe,legal:Europe","legal:AD,legal:ES,legal:GR,legal:HR,legal:IT,legal:MT,legal:PT,legal:SI,legal:AL,legal:BA,legal:GI,legal:ME,legal:MK,legal:RS,legal:SM,legal:VA"
legal:ES,dpv:Country,Spain,,ES,ESP,724,724,"legal:Europe,legal:SouthernEurope",
legal:LK,dpv:Country,Sri Lanka,,LK,LKA,144,144,"legal:Asia,legal:SouthernAsia",
legal:PS,dpv:Country,State of Palestine,,PS,PSE,275,275,"legal:Asia,legal:WesternAsia",
legal:SubSaharanAfrica,dpv:Region,SubSaharanAfrica,,,,,,"legal:Africa,legal:Africa,legal:Africa,legal:Africa,legal:Africa,legal:Africa,legal:Africa,legal:Africa,legal:Africa,legal:Africa,legal:Africa,legal:Africa,legal:Africa,legal:Africa,legal:Africa,legal:Africa,legal:Africa,legal:Africa,legal:Africa,legal:Africa,legal:Africa,legal:Africa,legal:Africa,legal:Africa,legal:Africa,legal:Africa,legal:Africa,legal:Africa,legal:Africa,legal:Africa,legal:Africa,legal:Africa,legal:Africa,legal:Africa,legal:Africa,legal:Africa,legal:Africa,legal:Africa,legal:Africa,legal:Africa,legal:Africa,legal:Africa,legal:Africa,legal:Africa,legal:Africa,legal:Africa,legal:Africa,legal:Africa,legal:Africa,legal:Africa,legal:Africa,legal:Africa,legal:Africa,legal:Africa,legal:Africa,legal:Africa,legal:Africa","legal:AO,legal:MiddleAfrica,legal:BF,legal:WesternAfrica,legal:BI,legal:EasternAfrica,legal:BJ,legal:BW,legal:SouthernAfrica,legal:CD,legal:CF,legal:CG,legal:CI,legal:CM,legal:CV,legal:DJ,legal:ER,legal:ET,legal:GA,legal:GH,legal:GM,legal:GN,legal:GQ,legal:GW,legal:IO,legal:KE,legal:KM,legal:LR,legal:LS,legal:MG,legal:ML,legal:MR,legal:MU,legal:MW,legal:MZ,legal:NA,legal:NE,legal:NG,legal:RE,legal:RW,legal:SC,legal:SH,legal:SL,legal:SN,legal:SO,legal:SS,legal:ST,legal:SZ,legal:TD,legal:TF,legal:TG,legal:TZ,legal:UG,legal:YT,legal:ZA,legal:ZM,legal:ZW"
legal:SD,dpv:Country,Sudan,,SD,SDN,729,729,"legal:Africa,legal:NorthernAfrica",
legal:SR,dpv:Country,Suriname,,SR,SUR,740,740,"legal:Americas,legal:LatinAmericaandtheCaribbean,legal:SouthAmerica",
legal:SJ,dpv:Country,Svalbard and Jan Mayen Islands,,SJ,SJM,744,744,"legal:Europe,legal:NorthernEurope",
legal:SE,dpv:Country,Sweden,,SE,SWE,752,752,"legal:Europe,legal:NorthernEurope",
legal:CH,dpv:Country,Switzerland,,CH,CHE,756,756,"legal:Europe,legal:WesternEurope",
legal:SY,dpv:Country,Syrian Arab Republic,,SY,SYR,760,760,"legal:Asia,legal:WesternAsia",
legal:TW,dpv:Country,Taiwan (Province of China),,,,,,,
legal:TJ,dpv:Country,Tajikistan,,TJ,TJK,762,762,"legal:Asia,legal:CentralAsia",
legal:US-TN,dpv:Region,Tennessee,,,,,,legal:US,
legal:US-TX,dpv:Region,Texas,,,,,,legal:US,
legal:TH,dpv:Country,Thailand,,TH,THA,764,764,"legal:Asia,legal:SoutheasternAsia",
legal:DE-TH,dpv:Region,Thuringia,Thüringen,,,,,legal:DE,
legal:TL,dpv:Country,Timor-Leste,,TL,TLS,626,626,"legal:Asia,legal:SoutheasternAsia",
legal:TG,dpv:Country,Togo,,TG,TGO,768,768,"legal:Africa,legal:SubSaharanAfrica,legal:WesternAfrica",
legal:TK,dpv:Country,Tokelau,,TK,TKL,772,772,"legal:Oceania,legal:Polynesia",
legal:TO,dpv:Country,Tonga,,TO,TON,776,776,"legal:Oceania,legal:Polynesia",
legal:TT,dpv:Country,Trinidad and Tobago,,TT,TTO,780,780,"legal:Americas,legal:Caribbean,legal:LatinAmericaandtheCaribbean",
legal:TN,dpv:Country,Tunisia,,TN,TUN,788,788,"legal:Africa,legal:NorthernAfrica",
legal:TR,dpv:Country,Turkey,,TR,TUR,792,792,"legal:Asia,legal:WesternAsia",
legal:TM,dpv:Country,Turkmenistan,,TM,TKM,795,795,"legal:Asia,legal:CentralAsia",
legal:TC,dpv:Country,Turks and Caicos Islands,,TC,TCA,796,796,"legal:Americas,legal:Caribbean,legal:LatinAmericaandtheCaribbean",
legal:TV,dpv:Country,Tuvalu,,TV,TUV,798,798,"legal:Oceania,legal:Polynesia",
legal:US-VI,dpv:Region,U.S. Virgin Islands,,,,,,legal:US,
legal:UG,dpv:Country,Uganda,,UG,UGA,800,800,"legal:Africa,legal:SubSaharanAfrica,legal:EasternAfrica",
legal:UA,dpv:Country,Ukraine,,UA,UKR,804,804,"legal:Europe,legal:EasternEurope",
legal:AE,dpv:Country,United Arab Emirates,,AE,ARE,784,784,"legal:Asia,legal:WesternAsia",
legal:GB,dpv:Country,United Kingdom of Great Britain and Northern Ireland,,GB,GBR,826,826,"legal:Europe,legal:NorthernEurope",
legal:TZ,dpv:Country,United Republic of Tanzania,,TZ,TZA,834,834,"legal:Africa,legal:SubSaharanAfrica,legal:EasternAfrica",
legal:UM,dpv:Country,United States Minor Outlying Islands,,UM,UMI,581,581,"legal:Oceania,legal:Micronesia",
legal:US-UM,dpv:Region,United States Minor Outlying Islands,,,,,,legal:US,
legal:VI,dpv:Country,United States Virgin Islands,,VI,VIR,850,850,"legal:Americas,legal:Caribbean,legal:LatinAmericaandtheCaribbean",
legal:US,dpv:Country,United States of America,,US,USA,840,840,"legal:Americas,legal:NorthernAmerica",
legal:UY,dpv:Country,Uruguay,,UY,URY,858,858,"legal:Americas,legal:LatinAmericaandtheCaribbean,legal:SouthAmerica",
legal:US-UT,dpv:Region,Utah,,,,,,legal:US,
legal:UZ,dpv:Country,Uzbekistan,,UZ,UZB,860,860,"legal:Asia,legal:CentralAsia",
legal:VU,dpv:Country,Vanuatu,,VU,VUT,548,548,"legal:Oceania,legal:Melanesia",
legal:VE,dpv:Country,Venezuela (Bolivarian Republic of),,VE,VEN,862,862,"legal:Americas,legal:LatinAmericaandtheCaribbean,legal:SouthAmerica",
legal:US-VT,dpv:Region,Vermont,,,,,,legal:US,
legal:VN,dpv:Country,Viet Nam,,VN,VNM,704,704,"legal:Asia,legal:SoutheasternAsia",
legal:US-VA,dpv:Region,Virginia,,,,,,legal:US,
legal:WF,dpv:Country,Wallis and Futuna Islands,,WF,WLF,876,876,"legal:Oceania,legal:Polynesia",
legal:US-WA,dpv:Region,Washington,,,,,,legal:US,
legal:US-WV,dpv:Region,West Virginia,,,,,,legal:US,
legal:EH,dpv:Country,Western Sahara,,EH,ESH,732,732,"legal:Africa,legal:NorthernAfrica",
legal:WesternAfrica,dpv:Region,WesternAfrica,,,,,,"legal:SubSaharanAfrica,legal:SubSaharanAfrica,legal:SubSaharanAfrica,legal:SubSaharanAfrica,legal:SubSaharanAfrica,legal:SubSaharanAfrica,legal:SubSaharanAfrica,legal:SubSaharanAfrica,legal:SubSaharanAfrica,legal:SubSaharanAfrica,legal:SubSaharanAfrica,legal:SubSaharanAfrica,legal:SubSaharanAfrica,legal:SubSaharanAfrica,legal:SubSaharanAfrica,legal:SubSaharanAfrica,legal:SubSaharanAfrica","legal:BF,legal:BJ,legal:CI,legal:CV,legal:GH,legal:GM,legal:GN,legal:GW,legal:LR,legal:ML,legal:MR,legal:NE,legal:NG,legal:SH,legal:SL,legal:SN,legal:TG"
legal:WesternAsia,dpv:Region,WesternAsia,,,,,,"legal:Asia,legal:Asia,legal:Asia,legal:Asia,legal:Asia,legal:Asia,legal:Asia,legal:Asia,legal:Asia,legal:Asia,legal:Asia,legal:Asia,legal:Asia,legal:Asia,legal:Asia,legal:Asia,legal:Asia,legal:Asia","legal:IL,legal:CY,legal:AE,legal:AM,legal:AZ,legal:BH,legal:GE,legal:IQ,legal:JO,legal:KW,legal:LB,legal:OM,legal:PS,legal:QA,legal:SA,legal:SY,legal:TR,legal:YE"
legal:WesternEurope,dpv:Region,WesternEurope,,,,,,"legal:Europe,legal:Europe,legal:Europe,legal:Europe,legal:Europe,legal:Europe,legal:Europe,legal:Europe,legal:Europe","legal:DE,legal:CH,legal:AT,legal:BE,legal:FR,legal:LI,legal:LU,legal:NL,legal:MC"
legal:US-WI,dpv:Region,Wisconsin,,,,,,legal:US,
legal:US-WY,dpv:Region,Wyoming,,,,,,legal:US,
legal:YE,dpv:Country,Yemen,,YE,YEM,887,887,"legal:Asia,legal:WesternAsia",
legal:ZM,dpv:Country,Zambia,,ZM,ZMB,894,894,"legal:Africa,legal:SubSaharanAfrica,legal:EasternAfrica",
legal:ZW,dpv:Country,Zimbabwe,,ZW,ZWE,716,716,"legal:Africa,legal:SubSaharanAfrica,legal:EasternAfrica",
legal:AX,dpv:Country,Åland Islands,,AX,ALA,248,248,"legal:Europe,legal:NorthernEurope",
